{
 "cramped_room | self": {
  "mean": 126.66666666666667,
  "returns": [
   0.0,
   180.0,
   200.0
  ]
 },
 "cramped_room | greedy_full_task": {
  "mean": 70.0,
  "returns": [
   60.0,
   60.0,
   40.0,
   60.0,
   120.0,
   80.0
  ]
 },
 "cramped_room | random_motion": {
  "mean": 156.66666666666666,
  "returns": [
   140.0,
   160.0,
   160.0,
   160.0,
   160.0,
   160.0
  ]
 },
 "coordination_ring | self": {
  "mean": 133.33333333333334,
  "returns": [
   180.0,
   140.0,
   80.0
  ]
 },
 "coordination_ring | greedy_full_task": {
  "mean": 196.66666666666666,
  "returns": [
   200.0,
   120.0,
   220.0,
   160.0,
   240.0,
   240.0
  ]
 },
 "coordination_ring | random_motion": {
  "mean": 106.66666666666667,
  "returns": [
   100.0,
   120.0,
   100.0,
   120.0,
   100.0,
   100.0
  ]
 },
 "counter_circuit | self": {
  "mean": 589.3333333333334,
  "returns": [
   612.0,
   612.0,
   544.0
  ]
 },
 "counter_circuit | greedy_full_task": {
  "mean": 168.33333333333334,
  "returns": [
   191.0,
   191.0,
   191.0,
   191.0,
   68.0,
   178.0
  ]
 },
 "counter_circuit | random_motion": {
  "mean": 189.16666666666666,
  "returns": [
   115.0,
   204.0,
   136.0,
   204.0,
   136.0,
   340.0
  ]
 },
 "forced_coordination | self": {
  "mean": 113.33333333333333,
  "returns": [
   80.0,
   40.0,
   220.0
  ]
 },
 "forced_coordination | greedy_full_task": {
  "mean": 106.66666666666667,
  "returns": [
   0.0,
   0.0,
   0.0,
   200.0,
   220.0,
   220.0
  ]
 },
 "forced_coordination | random_motion": {
  "mean": 0.0,
  "returns": [
   0.0,
   0.0,
   0.0,
   0.0,
   0.0,
   0.0
  ]
 },
 "asymmetric_advantages | self": {
  "mean": 240.0,
  "returns": [
   200.0,
   240.0,
   280.0
  ]
 },
 "asymmetric_advantages | greedy_full_task": {
  "mean": 190.0,
  "returns": [
   220.0,
   220.0,
   220.0,
   160.0,
   160.0,
   160.0
  ]
 },
 "asymmetric_advantages | random_motion": {
  "mean": 156.66666666666666,
  "returns": [
   180.0,
   160.0,
   180.0,
   140.0,
   140.0,
   140.0
  ]
 },
 "large_room | self": {
  "mean": 120.0,
  "returns": [
   140.0,
   80.0,
   140.0
  ]
 },
 "large_room | greedy_full_task": {
  "mean": 140.0,
  "returns": [
   140.0,
   140.0,
   140.0,
   140.0,
   140.0,
   140.0
  ]
 },
 "large_room | random_motion": {
  "mean": 126.66666666666667,
  "returns": [
   100.0,
   140.0,
   120.0,
   120.0,
   140.0,
   140.0
  ]
 },
 "simple_o | self": {
  "mean": 140.0,
  "returns": [
   140.0,
   120.0,
   160.0
  ]
 },
 "simple_o | greedy_full_task": {
  "mean": 280.0,
  "returns": [
   280.0,
   300.0,
   280.0,
   280.0,
   260.0,
   280.0
  ]
 },
 "simple_o | random_motion": {
  "mean": 173.33333333333334,
  "returns": [
   200.0,
   20.0,
   200.0,
   200.0,
   220.0,
   200.0
  ]
 },
 "simple_tomato | self": {
  "mean": 180.0,
  "returns": [
   160.0,
   200.0,
   180.0
  ]
 },
 "simple_tomato | greedy_full_task": {
  "mean": 3.3333333333333335,
  "returns": [
   0.0,
   0.0,
   0.0,
   20.0,
   0.0,
   0.0
  ]
 },
 "simple_tomato | random_motion": {
  "mean": 156.66666666666666,
  "returns": [
   140.0,
   140.0,
   160.0,
   160.0,
   180.0,
   160.0
  ]
 },
 "small_corridor | self": {
  "mean": 73.33333333333333,
  "returns": [
   80.0,
   60.0,
   80.0
  ]
 },
 "small_corridor | greedy_full_task": {
  "mean": 53.333333333333336,
  "returns": [
   40.0,
   60.0,
   60.0,
   40.0,
   60.0,
   60.0
  ]
 },
 "small_corridor | random_motion": {
  "mean": 16.666666666666668,
  "returns": [
   40.0,
   40.0,
   20.0,
   0.0,
   0.0,
   0.0
  ]
 },
 "soup_coordination | self": {
  "mean": 528.6666666666666,
  "returns": [
   572.0,
   520.0,
   494.0
  ]
 },
 "soup_coordination | greedy_full_task": {
  "mean": 365.6666666666667,
  "returns": [
   456.0,
   438.0,
   450.0,
   306.0,
   306.0,
   238.0
  ]
 },
 "soup_coordination | random_motion": {
  "mean": 429.0,
  "returns": [
   312.0,
   468.0,
   468.0,
   442.0,
   442.0,
   442.0
  ]
 },
 "tutorial_0 | self": {
  "mean": 609.0,
  "returns": [
   567.0,
   630.0,
   630.0
  ]
 },
 "tutorial_0 | greedy_full_task": {
  "mean": 535.5,
  "returns": [
   504.0,
   630.0,
   630.0,
   378.0,
   630.0,
   441.0
  ]
 },
 "tutorial_0 | random_motion": {
  "mean": 315.0,
  "returns": [
   315.0,
   315.0,
   315.0,
   315.0,
   315.0,
   315.0
  ]
 },
 "tutorial_1 | self": {
  "mean": 537.0,
  "returns": [
   523.0,
   544.0,
   544.0
  ]
 },
 "tutorial_1 | greedy_full_task": {
  "mean": 79.33333333333333,
  "returns": [
   204.0,
   136.0,
   136.0,
   0.0,
   0.0,
   0.0
  ]
 },
 "tutorial_1 | random_motion": {
  "mean": 181.33333333333334,
  "returns": [
   272.0,
   0.0,
   272.0,
   34.0,
   272.0,
   238.0
  ]
 },
 "tutorial_2 | self": {
  "mean": 463.6666666666667,
  "returns": [
   455.0,
   468.0,
   468.0
  ]
 },
 "tutorial_2 | greedy_full_task": {
  "mean": 468.0,
  "returns": [
   550.0,
   574.0,
   550.0,
   399.0,
   399.0,
   336.0
  ]
 },
 "tutorial_2 | random_motion": {
  "mean": 234.5,
  "returns": [
   234.0,
   234.0,
   234.0,
   229.0,
   242.0,
   234.0
  ]
 },
 "tutorial_3 | self": {
  "mean": 463.6666666666667,
  "returns": [
   455.0,
   468.0,
   468.0
  ]
 },
 "tutorial_3 | greedy_full_task": {
  "mean": 468.0,
  "returns": [
   550.0,
   574.0,
   550.0,
   399.0,
   399.0,
   336.0
  ]
 },
 "tutorial_3 | random_motion": {
  "mean": 234.5,
  "returns": [
   234.0,
   234.0,
   234.0,
   229.0,
   242.0,
   234.0
  ]
 }
}